{
  "g_to_kg": 0.001,
  "g_to_lb": 0.00220462,
  "g_to_oz": 0.035274,
  "kg_to_g": 1000.0,
  "kg_to_lb": 2.20462,
  "kg_to_oz": 35.274,
  "lb_to_g": 453.5929094356397,
  "lb_to_kg": 0.4535929094356397,
  "lb_to_oz": 16.000036287432753,
  "oz_to_g": 28.34949254408346,
  "oz_to_kg": 0.028349492544083463,
  "oz_to_lb": 0.06249985825253728,
  "ml_to_l": 0.001,
  "ml_to_floz": 0.033814,
  "ml_to_cup": 0.00422675,
  "ml_to_tsp": 0.202884,
  "ml_to_tbsp": 0.067628,
  "ml_to_pint": 0.00211338,
  "ml_to_quart": 0.00105669,
  "l_to_ml": 1000.0,
  "l_to_floz": 33.814,
  "l_to_cup": 4.22675,
  "l_to_tsp": 202.884,
  "l_to_tbsp": 67.628,
  "l_to_pint": 2.11338,
  "l_to_quart": 1.05669,
  "floz_to_ml": 29.57354941740108,
  "floz_to_l": 0.02957354941740108,
  "floz_to_cup": 0.125,
  "floz_to_tsp": 6.0,
  "floz_to_tbsp": 2.0,
  "floz_to_pint": 0.0625001478677471,
  "floz_to_quart": 0.03125007393387355,
  "cup_to_ml": 236.58839533920863,
  "cup_to_l": 0.23658839533920864,
  "cup_to_floz": 8.0,
  "cup_to_tsp": 48.0,
  "cup_to_tbsp": 16.0,
  "cup_to_pint": 0.5000011829419768,
  "cup_to_quart": 0.2500005914709884,
  "tsp_to_ml": 4.928924902900179,
  "tsp_to_l": 0.004928924902900179,
  "tsp_to_floz": 0.16666666666666663,
  "tsp_to_cup": 0.02083333333333333,
  "tsp_to_tbsp": 0.33333333333333326,
  "tsp_to_pint": 0.01041669131129118,
  "tsp_to_quart": 0.00520834565564559,
  "tbsp_to_ml": 14.78677470870054,
  "tbsp_to_l": 0.01478677470870054,
  "tbsp_to_floz": 0.5,
  "tbsp_to_cup": 0.0625,
  "tbsp_to_tsp": 3.0,
  "tbsp_to_pint": 0.03125007393387355,
  "tbsp_to_quart": 0.015625036966936776,
  "pint_to_ml": 473.17567119968953,
  "pint_to_l": 0.47317567119968956,
  "pint_to_floz": 15.9999621459463,
  "pint_to_cup": 1.9999952682432875,
  "pint_to_tsp": 95.99977287567782,
  "pint_to_tbsp": 31.9999242918926,
  "pint_to_quart": 0.5,
  "quart_to_ml": 946.3513423993791,
  "quart_to_l": 0.9463513423993791,
  "quart_to_floz": 31.9999242918926,
  "quart_to_cup": 3.999990536486575,
  "quart_to_tsp": 191.99954575135564,
  "quart_to_tbsp": 63.9998485837852,
  "quart_to_pint": 2.0
}